title,price,rating,oprice,brand
"boAt Flash Edition Smart Watch with Activity Tracker, Multiple Sports Modes, 1.3"" Screen, 170+ Watch Faces, Sleep Monitor, Gesture, Camera & Music Control, IP68 & 7 Days Battery Life(Lightning Black)  ","1,199",4.0,"₹1,199",boAt
"Noise Newly Launched Twist Bluetooth Calling Smart Watch with 1.38"" TFT Biggest Display, Up-to 7 Days Battery, 100+ Watch Faces, IP68, Heart Rate Monitor, Sleep Tracking (Jet Black)  ","1,999",4.1,"₹1,999",Noise
"boAt Wave Prime47 Smart Watch with 1.69"" HD Display, 700+ Active Modes, ASAP Charge, Live Cricket Scores, Crest App Health Ecosystem, HR & SpO2 Monitoring(Forest Green)  ","1,199",3.4,"₹1,199",boAt
USM ID116 Smart Watch Smart Bracelet Fitness Tracker Color Screen Smartwatch Heart Rate Blood Pressure Pedometer Sleep Monitor  ,329,4.3,₹329,USM
"Fire-Boltt Phoenix Smart Watch with Bluetooth Calling 1.3"",120+ Sports Modes, 240 * 240 PX High Res with SpO2, Heart Rate Monitoring & IP67 Rating, Rs 100 Off on UPI  ","1,799",4.3,"₹1,799",Fire-Boltt
Silicone Strap Analog Wrist Watch for Men (Black/Blue/Red) | LD-BK054  ,399,4.0,₹399,LOUIS DEVIN
"Bouncefit D20 Y68 Fitness Band Smartwatch – Single Touch Interface, Water Resistant, Workout Modes, Quick Charge Sports Smartwatch for Boys and Girls – Jet Black  ",479,3.0,₹479,Bouncefit
"boAt Xtend Smartwatch with Alexa Built-in, 1.69” HD Display, Multiple Watch Faces, Stress Monitor, Heart & SpO2 Monitoring, 14 Sports Modes, Sleep Monitor, 5 ATM & 7 Days Battery(Pitch Black)  ","1,799",4.1,"₹1,799",boAt
"Hammer Ace 3.0 Bluetooth Calling Smart Watch with Largest 1.85"" IPS Display, Dual Mode, Spo2, Heart Rate, Strong Metallic Body & Skin Friendly Strap (Black)  ","1,499",4.5,"₹1,499",Hammer
Analog Black Dial Unisex-Adult Watch-38024PP25  ,850,4.2,₹850,Fastrack
Smart Watch for Men Women ID116 Plus Smart Bracelet Fitness Tracker Color Screen Smartwatch Heart Rate Blood Pressure Pedometer Sleep Monitor  ,399,4.4,₹399,Mobivax
boAt Watch Wave Lite  ,"1,499",3.9,"₹1,499",boAt
Analog Silver Dial Men's Watch-1864SL07  ,"1,148",5.0,"₹1,148",Titan
"Noise ColorFit Pulse Grand Smart Watch with 1.69""(4.2cm) HD Display, 60 Sports Modes, 150 Watch Faces, Fast Charge, Spo2, Stress, Sleep, Heart Rate Monitoring & IP68 Waterproof (Lime Green)  ","1,299",4.0,"₹1,299",Noise
Analog Day & Date Display Wrist Watch for Men & Boys (Black)  ,299,3.6,₹299,Matrix
"ID-116 Smartwatch for Men's Womens Boys Girls, Bluetooth Smart Fitness Band Watch with Heart Rate Activity Tracker Step & Sports Activity Tracker Smart Watch for  ",394,3.5,₹394,Generic
"Tokdis MX-1 Pro Bluetooth Calling Smartwatch - 1.69” LCD Display, Multiple Watch Faces, Sleep Monitor, Heart & SpO2 Monitoring, Multiple Sports Modes  ",799,3.1,₹799,Tokdis
Digital Sports Multi Functional Black Dial Watch for Mens Boys -315RED  ,284,3.8,₹284,Shocknshop
"Digital 24 Images Projector Watch for Kids Boys Watch, Diwali Gift, Birthday Return Gift, Best Digital Toy Watch for Boy's & Girl's BG-906  ",289,4.1,₹289,ADAMO
"Honor Magic Watch 2 (46mm, Charcoal Black) 14-Days Battery, SpO2, BT Calling & Music Playback, 100 Workout Modes, AMOLED Touch Screen, Personalized Watch Faces, Sleep & HR Monitor, Smart Companion  ","7,999",4.4,"₹7,999",Honor
"Fire-Boltt Gladiator 1.96"" Biggest Display Smart Watch with Bluetooth Calling, Voice Assistant &123 Sports Modes, 8 Unique UI Interactions, SpO2, 24/7 Heart Rate Tracking, Rs 100 Off on UPI  ","2,499",4.0,"₹2,499",Fire-Boltt
"Fire-Boltt Ninja Call Pro Smart Watch Dual Chip Bluetooth Calling, 1.69"" Display, AI Voice Assistance with 100 Sports Modes, with SpO2 & Heart Rate Monitoring  ","1,699",4.2,"₹1,699",Fire-Boltt
Analogue Women's Watch (Black Dial)  ,759,3.9,₹759,IMPERIOUS - THE ROYAL WAY
Analog Men's Watch (Black Dial Black Colored Strap)  ,379,3.5,₹379,SWISSTYLE
Digital Sports Square Dial LED Unisex Stainless Steel Strap Watch for Men and Womens -WCH70  ,299,3.0,₹299,Shocknshop
Analog Silver Dial Men's Watch-1864SL09  ,"1,148",4.3,"₹1,148",Titan
Kids Edition Spiderman/Frozen/Ben 10 / Hello Kitty/Marvel Avengers Digital Watch for Kids with Disco LED Lights (Boys & Girls)  ,319,3.9,₹319,Matrix
Stainless Steel Watch Series Analogue Men's Watch (Black Dial Mens Long Colored Strap) -W219  ,285,3.8,₹285,Shocknshop
Chronograph White Dial Men's Watch-CH2882  ,"4,935",4.3,"₹4,935",Fossil
Analogue - Digital Men's Watch (Black Dial Black Colored Strap)  ,543,3.8,₹543,TIMEWEAR
Analogue - Digital Men's Watch (Black Dial Black Colored Strap)  ,799,3.8,₹799,V2A
PU Belt Analogue Men's Watch and Boy's Watch  ,199,4.7,₹199,PAPIO
Analog Boy's & Men's Watch (Blue Dial Blue Colored Strap)  ,266,3.6,₹266,REDUX
"Noise ColorFit Pulse Smartwatch with 3.56 cm (1.4"") Full Touch HD Display, SpO2, Heart Rate, Sleep Monitors & 10-Day Battery - Jet Black  ","1,199",4.0,"₹1,199",Noise
Analog Grey Dial Unisex-Adult Watch-38024PP24  ,850,4.1,₹850,Fastrack
Multi Dial Chronograph Luxury Quartz Analog Watch for Men  ,339,3.7,₹339,SWADESI STUFF
Analog Blue Dial Men's Watch - FS5237  ,"7,145",4.3,"₹7,145",Fossil
"Fire-Boltt Dagger 1.43"" AMOLED Display Smartwatch, 96% Screen to Body Ratio with Single BT Bluetooth Calling, IP68, Dual Button Technology, Rugged Build, AI Voice Assistant, Multiple Sports Modes  ","3,799",4.4,"₹3,799",Fire-Boltt
Simple Sport Digital Men’s Military Watches Electronic LED Time Black Wrist Watch  ,449,3.8,₹449,Shocknshop
Analog Women's Watch (Dial Colored Strap)  ,"2,217",4.4,"₹2,217",TIMEX
Fleek Analog Dial Women's Watch  ,"1,779",4.4,"₹1,779",Fastrack
New Edition i7 Pro Max All in One Series 7 Smart Watch with Fitness Tracker Heart Monitor Men Women Smart Watch Black  ,589,3.3,₹589,Generic
Analog Watches for Men  ,898,4.3,₹898,Sonata
"Noise ColorFit Pulse Grand Smart Watch with 1.69""(4.29cm) HD Display, 60 Sports Modes, 150 Watch Faces, Fast Charge, Spo2, Stress, Sleep, Heart Rate Monitoring & IP68 Waterproof (Electric Blue)  ","1,299",4.0,"₹1,299",Noise
"Fire-Boltt 360 SpO2 Full Touch Large Display Round Smart Watch with in-Built Games, 8 Days Battery Life, IP67 Water Resistant with Blood Oxygen and Heart Rate Monitoring  ","1,799",4.0,"₹1,799",Fire-Boltt
Brand - New 4 Stylish Dial And With Black Led And Bracelet Watch For Boy And Kids Combo Kids And Children Analogue Black Dial Bracelet Led Watch Analog Digital Watch For Boys Pack Of 3  ,299,3.7,₹299,Acnos
"CrossBeats Newly launched Ignite S5 Advanced AI ENC BT Calling Smartwatch, 1.96” Super AMOLED Anti-Glare Screen, Always on Display, SnapCharge™ Calculator, 500+ Watch Faces, AI Health Feature (Black)  ","4,999",4.1,"₹4,999",CrossBeats
"Lowfe Smartwatch W26 Charging Cable, Watch Charger Magnetic 2 pin, Watch Charger, W26+ Charger 4mm Adapter Length 45 cm for Smart Watch(Charge only, Black)  ",199,3.4,₹199,Lowfe
Brand - New 4 Stylish Dial And With Black Led And Bracelet Watch For Boy And Kids Combo Kids And Children Analogue Black Dial Bracelet Led Watch Analog Digital Watch For Boys Pack Of 3  ,299,3.7,₹299,Acnos
"Watches: The History of Time,: The Complete Guide to Servicing And Repairing Your Timepiece  ",0,3.4,₹0,Samuel Johnson
Analog Men's Watch  ,"1,198",4.1,"₹1,198",TIMEX
"Noise Pulse Buzz 1.69"" Bluetooth Calling Smart Watch with Call Function, 150 Watch Faces, 60 Sports Modes, Spo2 & Heart Rate Monitoring, Calling Smart Watch for Men & Women - Jet Black  ","1,899",3.9,"₹1,899",Noise
"Lowfe Smartwatch W26 Charging Cable, Watch Charger Magnetic 2 pin, Watch Charger, W26+ Charger 4mm Adapter Length 45 cm for Smart Watch(Charge only, Black)  ",199,3.4,₹199,Lowfe
"boAt Wave Lite Smartwatch with 1.69 Inches(4.29cm) HD Display, Heart Rate & SpO2 Level Monitor, Multiple Watch Faces, Activity Tracker, Multiple Sports Modes & IP68 (Scarlet Red)  ","1,499",3.9,"₹1,499",boAt
Tees Analog Dial Unisex-Adult Watch  ,950,4.2,₹950,Fastrack
Diamond Studded Stylish Analogue Watch with Rose Gold Dot Bracelet for Girls & Women  ,240,3.8,₹240,ZUPERIA
"Fire-Boltt Ninja 2 SpO2 Full Touch Smartwatch with 30 Workout Modes, Heart Rate Tracking, and 100+ Cloud Watch Faces, 7 Days of extensive Battery - Black  ","1,599",4.1,"₹1,599",Fire-Boltt
Luxury Business Casual Party-Wear Leather Chronograph Date Display Watch for Men  ,"2,890",3.8,"₹2,890",BENYAR
Superfibre Digital Grey Dial Men's Watch NM77034PP03 / NL77034PP03/NP77034PP03  ,"1,349",4.3,"₹1,349",Sonata
Karishma Analog Blue Dial Men's Watch-NL1774SM01/NP1774SM01  ,"2,308",4.2,"₹2,308",Titan
Analog Black Dial Men's Watch-NL3147KM01/NN3147KM01/NP3147KM01  ,"4,250",4.2,"₹4,250",Fastrack
Silver Business Casual Stainless Steel Decorative Subdials Big Black Dial Scratch Resistant Waterproof Watch for Men and Boys  ,849,4.0,₹849,LONGBO
Sporty Digital Grey Dial Men's Watch-NL77043PP02/NP77043PP02  ,549,4.0,₹549,SF
Analog New Track Day Date Functioning Leather Strap Watch for Men  ,329,3.8,₹329,TIMEWEAR
"MARVIK Smart Watch D116 for Xiaomi Mi Note 9 Smart Watch Bluetooth SmartWatch with Activity Tracker, Heart Rate Sensor, Sleep Monitor and Basic Functionality for All Boys & Girls  ",449,3.1,₹449,MARVIK
Mens Chronograph Waterproof Luxury Fashion Military Quartz Sports Analog Wristwatch  ,"2,199",4.4,"₹2,199",Carlson Raulen
"boAt Matrix Smart Watch with 1.65” AMOLED Display, Always On Mode, Slim Premium Design, Heart Rate & SpO2 Monitoring, Health Ecosystem & Multiple Sports Modes, 3ATM & 7 Days Battery Life(Pitch Black)  ","1,499",3.9,"₹1,499",boAt
Analog Men's Watch (Black Dial Black Colored Strap)  ,319,3.5,₹319,VILLS LAURRENS
"Digital 24 Images Projector Watch for Kids Boys Watch, Diwali Gift, Birthday Return Gift, Best Digital Toy Watch for Boy's & Girl's BG-906  ",289,4.1,₹289,ADAMO
Analog Black Dial Men's Watch-TW000U926  ,"1,812",4.1,"₹1,812",TIMEX
Analog Dial Unisex Watch  ,"1,375",4.0,"₹1,375",FCUK
Venus Digital Grey Dial Men's Watch-NL7982PP03  ,475,4.1,₹475,SF
GREKEY Men's and Women's LED Digital Watch (Black)  ,95,1.5,₹95,Generic
Analog Black Dial Unisex Watch-NG38003PP05W / NG38003PP05W  ,780,4.1,₹780,Fastrack
Super Fibre Digital Grey Dial Men's Watch-NL87011PP04/NP87011PP04  ,600,4.2,₹600,Sonata
Analog Men's Watch (Black Dial Colored Strap)  ,319,4.3,₹319,TIMEWEAR
"boAt Wave Style with 1.69"" Square HD Display, HR & SpO2 Monitoring, 7 Days Battery Life, Multiple Watch Faces, Crest App Health Ecosystem, Multiple Sports Modes, IP68(Deep Blue)  ","1,099",3.9,"₹1,099",boAt
Luxury Business Casual Party-Wear Silicone Chronograph Date Display Watch for Men  ,"2,690",4.2,"₹2,690",BENYAR
Decker Chronograph Black Dial Men's Watch-CH2573P  ,"5,845",4.4,"₹5,845",Fossil
Analog Men's Watch (Multicolor Dial Multi Colored Strap)  ,139,3.1,₹139,hamt
"boAt Flash Edition Smart Watch with Activity Tracker, Multiple Sports Modes, 1.3"" Screen, 170+ Watch Faces, Sleep Monitor, Gesture, Camera & Music Control, IP68 & 7 Days Battery Life(Galaxy Blue)  ","1,199",4.0,"₹1,199",boAt
Hollow Skeleton Multifunction Chronograph Calendar Men's Watch  ,"2,499",3.9,"₹2,499",NIBOSI
"Smart watch New Launch Smart Watches ID116 Bluetooth Smartwatch Wireless Fitness Band for Boys, Girls, Men, Women & Kids | Sports Gym Watch for All Smart Phones I Heart Rate and spo2 Monitor - (Black)  ",499,3.9,₹499,AJO
"boAt Wave Lite Smartwatch with 1.69"" HD Display, Heart Rate & SpO2 Level Monitor, Multiple Watch Faces, Activity Tracker, Multiple Sports Modes & IP68 (Deep Blue)  ","1,499",3.9,"₹1,499",boAt
"Noise Pulse Go Buzz Smart Watch with Advanced Bluetooth Calling, 1.69"" Display, 150+ Cloud Watch Face, SPo2, Heart Rate Tracking, 100 Sports Mode with Auto Detection, Longer Battery (Mist Grey)  ","1,799",4.1,"₹1,799",Noise
Analog White Dial Unisex-Adult Watch-68012PP10  ,950,4.4,₹950,Fastrack
Analog Men's Watch  ,"1,398",4.2,"₹1,398",Fastrack
New Fastrack Reflex Beat+ 1.69” UltraVU Display|500 Nits Brightness|60 Sports Modes|24*7 Heart Rate Monitor|SpO2 Monitor|Sleep Tracker|IP68 Water Resistant|Music & Camera Control  ,"1,694",3.9,"₹1,694",Fastrack
Digital Men's Watch (Multicolour Dial Multi Colored Strap)  ,265,4.1,₹265,Acnos
RPM Analog Grey Dial Men's Watch-NN77031SL03/NP77031SL03  ,"1,699",4.1,"₹1,699",Sonata
Analogue Day and Date Functioning Stainless Steel Chain Watch for Boys & Men's  ,449,3.8,₹449,CERO
"Digital 24 Images Projector Watch for Kids Boys Watch, Diwali Gift, Birthday Return Gift, Best Digital Toy Watch for Boy's & Girl's BG-906  ",289,4.1,₹289,ADAMO
Fusion Multifunction Analog Brown Dial Men's Watch-TWEG18903  ,"2,879",4.2,"₹2,879",TIMEX
"DIZO Watch D2 Power (by realme TechLife) –Large 1.91"" Superlight, Single Chipset Bluetooth Calling Smartwatch with Smart Swipe,150 +Stylish Watch Faces and 10 Day Battery (Classic Black)  ","1,799",3.7,"₹1,799",DIZO
Neo Analog Silver Dial Men's Watch-NN1733KM03  ,"6,195",4.1,"₹6,195",Titan
"New Titan Talk Smart Watch|BT Calling|1.39""AMOLED Display|Immersive 454x454 Resolution|Music Storage|TWS Connect|AI Voice|Multisport Modes  ","9,995",3.8,"₹9,995",Titan
"TAGG Verve NEO Smartwatch 1.69"" HD Display | 60+ Sports Modes | 10 Days Battery | 150+ Maximum Watch Face Library | Waterproof | 24 * 7 HeartRate & Blood Oxygen Tracking | Games & Calculator | Black  ","1,099",3.9,"₹1,099",TAGG
Analog Grey Dial Men's Watch-MK8576  ,"7,247.",4.8,"₹7,247.50",Michael Kors
VMBS A1 Smart Watch Mobile Inbuild Camera Supporting 4G/5G Sim Smartwatch for Phone  ,990,2.5,₹990,VMBS
Analog Blue Dial Women's Watch-DK11159-2  ,"3,250",4.0,"₹3,250",DANIEL KLEIN
Essentials Analog Black Dial Men's Watch-NN77082SM01/NP77082SM01  ,899,4.3,₹899,Sonata
Black Dial Combo Analogue Watches for Men Pack of - 2 (LR01-MINO)  ,299,3.8,₹299,Acnos
"boAt Wave Style with 1.69"" Square HD Display, HR & SpO2 Monitoring, 7 Days Battery Life, Multiple Watch Faces, Crest App Health Ecosystem, Multiple Sports Modes, IP68(Deep Blue)  ","1,099",3.9,"₹1,099",boAt
Analogue Men's Watch(Black Dial Black Colored Strap)-CLWH1  ,"1,699",3.9,"₹1,699",Tyrhino
Chronograph Black Men Watch CH2885  ,"5,845",4.3,"₹5,845",Fossil
New Fastrack Reflex Beat+ 1.69” UltraVU Display|500 Nits Brightness|60 Sports Modes|24*7 Heart Rate Monitor|SpO2 Monitor|Sleep Tracker|IP68 Water Resistant|Music & Camera Control  ,"1,694",3.9,"₹1,694",Fastrack
Neo Analog Silver Dial Men's Watch-NN1733KM03  ,"6,195",4.1,"₹6,195",Titan
AW 2021 Chain Men's Watch (Black Dial Silver Stainless Steel Strap)  ,349,3.6,₹349,TIMESMITH
"Lowfe Smartwatch W26 Charging Cable, Watch Charger Magnetic 2 pin, Watch Charger, W26+ Charger 4mm Adapter Length 45 cm for Smart Watch(Charge only, Black)  ",199,3.4,₹199,Lowfe
Girls Analog Black Dial Women's Watch-NL6035SL02  ,"2,995",4.3,"₹2,995",Fastrack
The Watch (Fourteen Tales of Thirteen Covens Book 5)  ,0,5.0,₹0,Audrey Brice
Analog Women's Watch (Multicolour Dial Colored Strap)  ,245,3.9,₹245,PAPIO
"Fire-Boltt Ninja 3 Smartwatch Full Touch 1.69 "" & 60 Sports Modes with IP68, Sp02 Tracking, Over 100 Cloud based watch faces ( Rose Gold )  ","1,299",4.2,"₹1,299",Fire-Boltt
LED Digital Watch Good Looking Black Watch for Boys & Girls (Black Color)  ,95,2.9,₹95,Generic
Grant Analog Blue Dial Men's Watch-FS5210  ,"4,499",4.3,"₹4,499",Fossil
Super Fibre Digital Grey Dial Men's Watch-NL87011PP04/NP87011PP04  ,600,4.2,₹600,Sonata
Analog Dial Black Metal Strap Watch Series Watches for Men Watch for Man and Watch for Boys  ,284,3.5,₹284,The Shopoholic
"Newly Launched Maxima Max Pro Knight Bluetooth Calling smartwatch with 44.5mm Round Active Display of 550 Nits Brightness, Voice Assistant, HR & SpO2 Monitor,30+ Excercise Modes, inbuilt Games  ","2,499",3.5,"₹2,499",Maxima
Enticer Analog Dial Watch  ,"3,395",4.3,"₹3,395",Casio
Analog Gold Dial Men's Watch NM7987YM06W/NN7987YM06W  ,999,4.2,₹999,Sonata
Trendies Analog Pink Dial Women's Watch-68015PP03/NP68015PP03  ,"1,550",4.2,"₹1,550",Fastrack
"MARVIK Smart Watch D116 for Xiaomi Mi Note 9 Smart Watch Bluetooth SmartWatch with Activity Tracker, Heart Rate Sensor, Sleep Monitor and Basic Functionality for All Boys & Girls  ",449,3.1,₹449,MARVIK
Brand - A Teymex Digital Watch Shockproof Multi-Functional Automatic Black Strap Waterproof Digital Sports Watch For Men's Kids Watch For Boys - Watch For Men Pack Of 1  ,285,4.0,₹285,Acnos
New Fastrack Reflex Beat+ 1.69” UltraVU Display|500 Nits Brightness|60 Sports Modes|24*7 Heart Rate Monitor|SpO2 Monitor|Sleep Tracker|IP68 Water Resistant|Music & Camera Control  ,"1,694",3.9,"₹1,694",Fastrack
Raga Viva Analog Rose Gold Dial Women's Watch-NN2603WL01/NP2603WL01  ,"4,384",4.3,"₹4,384",Titan
Men's Digital Sports Wrist Watch LED Screen Large Face Electronics Military Watches Waterproof Alarm Stopwatch Back Light Outdoor Casual Black Watch - 1818  ,975,3.8,₹975,SKMEI
Decker Chronograph Black Dial Men's Watch-CH2573P  ,"5,845",4.4,"₹5,845",Fossil
"Fire-Boltt Ninja Call Pro Plus 1.83"" Smart Watch with Bluetooth Calling, AI Voice Assistance, 100 Sports Modes IP67 Rating, 240 * 284 Pixel High Resolution  ","1,799",4.3,"₹1,799",Fire-Boltt
Analog White Dial Men's Watch-QZ00J304Y  ,"1,099",4.2,"₹1,099",Q&Q
"Redmi Watch 2 Lite - Multi-System Standalone GPS, 3.94 cm Large HD Edge Display, Continuous SpO2, Stress & Sleep Monitoring, 24x7 HR, 5ATM, 120+ Watch Faces, 100+ Sports Modes, Women’s Health, Black  ","2,400",3.9,"₹2,400",Redmi
"boAt Wave Edge with 1.85"" HD Display, Advanced Bluetooth Calling Chip, Functional Crown, 100+ Sports Modes,Widget Control,AI Voice Assistance,Inbuilt Games, IP68(Active Black)  ","2,099",3.8,"₹2,099",boAt
Large Dial Chronograph Analogue Men’s Luxury Watch (Blue)  ,"2,690",New to Amazon,"₹2,690",OLEVS
"Fire-Boltt Eterno 1.99"" Largest Display, Bluetooth Calling Smartwatch with 1184mm Display Area, AI Voice Assistant, 120+ Sports Modes (Yoga) with Smart Split Screen to Toggle between functions, Gaming on the Wrist  ","2,499",4.2,"₹2,499",Fire-Boltt
Analog Champagne Dial Men's Watch-TW0TG6401  ,"1,317",4.2,"₹1,317",TIMEX
Classics Analog White Dial Men's Watch-A300  ,619,4.2,₹619,TIMEX
Analogue Boy's Watch (Blue Dial Blue Colored Strap)  ,119,3.2,₹119,RPS FASHION WITH DEVICE OF R
"Hammer Pulse Ace Pro Bluetooth Calling Smartwatch with SpO2 & 1.81” Aluminium Alloy Body with Blood Oxygen Monitoring, Heart Rate, Full Touch & Multiple Watch Faces with Customization (Black)  ","1,798",3.8,"₹1,798",Hammer
Analog Number Dial Stainless Steel Strap Watch for Women  ,339,3.9,₹339,TIMEWEAR
Analog Black Dial Men's Watch-MTP-V005D-1B5UDF  ,"1,945",4.2,"₹1,945",Casio
Space Analog Brown Dial Men's Watch-NN3184NM01/NP3184NM01  ,"2,595",4.3,"₹2,595",Fastrack
Casual Analog Dial Men's Watch -NM3124SL02 / NL3124SL02/NP3124SL02  ,"1,695",4.2,"₹1,695",Fastrack
Digital Unisex Watch (Black Dial Black Colored Strap)  ,299,3.6,₹299,Unequetrend
Analog Silver Dial Women's Watch-BQ3162  ,"5,695",4.4,"₹5,695",Fossil
Neo Analog Grey Dial Men's Watch-1729SL04 / 1729SL04  ,"1,995",4.1,"₹1,995",Titan
Casual Analog Silver Dial Men's Watch-NL3120SM01/NP3120SM01  ,"1,850",4.2,"₹1,850",Fastrack
Analog Women's Watch (Multicolour Dial Colored Strap)  ,245,3.9,₹245,PAPIO
Karishma Analog Black Dial Men's Watch-NM9151SM02 / NL9151SM02  ,"1,895",4.1,"₹1,895",Titan
Analog Grey Dial Men's Watch-MK8576  ,"7,247.",4.8,"₹7,247.50",Michael Kors
Karishma Analog Silver Dial Men's Watch-NL1774BM01/NP1774BM01  ,"3,230",4.3,"₹3,230",Titan
Enticer Analog Blue Dial Men's Watch-MTP-VD01D-2EVUDF (A1364)  ,"2,198",4.4,"₹2,198",Casio
Ruffles Analog Grey Dial Women's Watch-6207SL01  ,"2,495",4.0,"₹2,495",Fastrack
"Fire-Boltt Ninja Call Pro Plus 1.83"" Smart Watch with Bluetooth Calling, AI Voice Assistance, 100 Sports Modes IP67 Rating, 240 * 284 Pixel High Resolution  ","1,799",4.3,"₹1,799",Fire-Boltt
Analog Number Dial Stainless Steel Strap Watch for Women  ,339,3.9,₹339,TIMEWEAR
"Zebronics DRIP Smart Watch with Bluetooth Calling, 4.3cm (1.69""), 10 built-in & 100+ Watch Faces, 100+ Sport Modes, 4 built-in Games, Voice Assistant, 8 Menu UI, Fitness Health & Sleep Tracker (Black)  ","1,799",3.8,"₹1,799",ZEBRONICS
Monochrome Analog Blue Dial Women's Watch-NM6078SM03/NP6078SM03  ,"2,750",4.5,"₹2,750",Fastrack
Zaid Box House PU Leather 12 Slots Wrist Watch Display Box Storage  ,769,5.0,₹769,Generic
"Men's Digital Sports Watch, LED Square Large Face Analog Quartz Wrist Watch with Multi-Time Zone Waterproof Stopwatch  ",949,4.1,₹949,SKMEI
Analog Black Dial Men's Watch-7131NM02/NP7131NM02  ,"2,232",4.0,"₹2,232",Sonata
TW000R425  ,"2,328",4.3,"₹2,328",TIMEX
Splash Analog Off-White Dial Women's Watch-8976SL15/NP8976SL15  ,749,4.0,₹749,Sonata
Steez Analog Dial Women's Watch  ,"1,244",4.3,"₹1,244",Fastrack
Watches  ,301.,3.3,₹301.66,Rick Sapp
SHREENOVA® ID116 Plus Bluetooth Fitness Smart Watch for Men Women and Kids Activity Tracker (Black)  ,278,3.1,₹278,Generic
Special Super Quality Analog Watches Combo Look Like Handsome for Boys and Mens Pack of - 3(436-01-02)  ,365,3.6,₹365,Acnos
Regalia Chronograph Silver Dial Men's Watch-NN9308BM01/NP9308BM01  ,"10,395",4.3,"₹10,395",Titan
Enticer Analog Black Dial Men's Watch-MTP-VD01D-1EVUDF (A1362)  ,"2,498",4.4,"₹2,498",Casio
Analog Black Dial Men's Watch-MTP-V005D-1B5UDF  ,"1,945",4.2,"₹1,945",Casio
"Smart Watch for Men - Smart Watches for Men Women, Bluetooth Smartwatch Touch Screen Bluetooth Smart Watches for Android iOS Phones Wrist Phone Watch, Women - Royal Black ID116 Smart Watch - Black  ",499,3.3,₹499,VELL - TECH
Digital Men's Watch (Multicolour Dial Colored Strap)  ,399,3.8,₹399,PAPIO
Neo Analog Grey Dial Men's Watch-1729SL04 / 1729SL04  ,"1,995",4.1,"₹1,995",Titan
"Gen 5E Smartwatch with AMOLED Screen, Wear OS by Google, Built-in Speaker for Phone Calls, Google Assistant, SpO2, GPS, NFC, Wellness Features and Smartphone Notifications  ","11,994",3.9,"₹11,994",Fossil
Classic Analog Gold Dial Men's Watch-NL7023YM09/NP7023YM09  ,"1,425",3.9,"₹1,425",Sonata
Black Round Diamond Dial with Latest Generation Purple & Rosegold Magnet Belt Analogue Watch for Women Pack of - 2 (DM-PURPLE-ROSEGOLD05)  ,345,3.8,₹345,Acnos
Analog Black Dial (Big dial) Men's Watch-DZ7395  ,"33,995",4.0,"₹33,995",Diesel
Analog Black Dial Men's Watch-MTP-V300L-1AUDF (A1176)  ,"3,795",4.1,"₹3,795",Casio
Analog White Dial Men's Watch-HB611251ABR  ,"7,440",4.1,"₹7,440",Mathey-Tissot
Classics Analog Silver Dial Men's Watch-G910  ,"2,341",4.1,"₹2,341",TIMEX
Trendies Analog Pink Dial Women's Watch-68015PP03/NP68015PP03  ,"1,550",4.2,"₹1,550",Fastrack
"Fire-Boltt Visionary 1.78"" AMOLED Bluetooth Calling Smartwatch with 368 * 448 Pixel Resolution, Rotating Crown & 60Hz Refresh Rate 100+ Sports Mode, TWS Connection, Voice Assistance  ","3,799",4.3,"₹3,799",Fire-Boltt
Analog Champagne Dial Men's Watch-TW0TG6401  ,"1,317",4.2,"₹1,317",TIMEX
Analog Blue Dial Men's Watch-NL1698SM02  ,"4,895",4.2,"₹4,895",Titan
9951 Pure Black Chain Day & Date Wrist Watch Original Black Watch Analog Watch - for Men  ,399,3.0,₹399,VILLS LAURRENS
Analog Black Dial Men's Watch-MTP-VD01B-1BVUDF  ,"4,195",4.0,"₹4,195",Casio
"Boult Dive+ with 1.85"" HD Display, Bluetooth Calling Smartwatch, 500 Nits Brightness, 7 Days Battery Life, 150+ Watch Faces, 100+ Sport Modes, IP68 Waterproof Smart Watch (ICY Blue)  ","1,999",4.1,"₹1,999",Boult Audio
Multi Function Sports Digital Kids Watch for Boys & Girls  ,169,2.8,₹169,SWADESI STUFF
Analog Gold Dial Men's Watch NM7987YM06W/NN7987YM06W  ,999,4.2,₹999,Sonata
Hip Hop Analog White Dial Women's Watch-NL9827PP01/NP9827PP01  ,"1,960",4.3,"₹1,960",Fastrack
Essentials Analog Black Dial Men's Watch-NN77082SM01/NP77082SM01  ,899,4.3,₹899,Sonata
Analogue Boy's Watch (Blue Dial Blue Colored Strap)  ,119,3.2,₹119,RPS FASHION WITH DEVICE OF R
Analog Black Dial Men's Watch-FS5384  ,"8,697",4.5,"₹8,697",Fossil
Analog Gold Dial Men's Watch-NL1650YM04/NP1650YM04  ,"2,787",4.4,"₹2,787",Titan
Road Trip Analog Black Dial Men's Watch-NN3199NM03/NP3199NM03  ,"2,739",4.4,"₹2,739",Fastrack
Analog Black Dial Men's Watch-MTP-VT01L-1BUDF (A1615)  ,"2,405",4.3,"₹2,405",Casio
Analog Blue Dial Women's Watch-DK11159-2  ,"3,250",4.0,"₹3,250",DANIEL KLEIN
Karishma Revive Analog Silver Dial Women's Watch-NL2594BM01  ,"1,955",4.3,"₹1,955",Titan
Everett Analog Blue Dial Men's Watch-FS5822  ,"8,996",4.5,"₹8,996",Fossil
Ruffles Analog Grey Dial Women's Watch-6207SL01  ,"2,495",4.0,"₹2,495",Fastrack
"Turet Cotton Candy 4G Smart Watches for Kids Girls & Boys, Live Tracker GPS Watch with Sim Support, Voice & Video Call, SOS, HD Camera, Alarm, Long Battery Life, Waterproof, Kids Smartwatch (Black)  ","5,999",Save ₹125,"₹5,999",Turet
Analogue Boy's Watch (Blue Dial Blue Colored Strap)  ,119,3.2,₹119,RPS FASHION WITH DEVICE OF R
Analog Women's Watch  ,"2,439",4.3,"₹2,439",TIMEX
Digital Grey Dial Men's Watch-NL77072PP02/NP77072PP02  ,599,4.3,₹599,Sonata
Attivo Collection Analog Black Dial with Rose Gold case and Black Mesh Chain Men's Watch-O-66660CMGT  ,998,4.2,₹998,Maxima
Analog White Dial Men's Watch-TW000U933  ,"1,598",4.1,"₹1,598",TIMEX
Analog Gold Dial Men's Watch-NL1715YM02  ,"1,995",4.3,"₹1,995",Titan
Spiderman Analog Black Dial Unisex's Watch-NNC4048PP15  ,995,4.5,₹995,Zoop
RPM Analog Blue Dial Men's Watch-NN77031SM06/NP77031SM06  ,"1,699",4.0,"₹1,699",Sonata
Analog Multicolour Dial Girls Watch NK26006PP03 / NK26006PP03  ,775,4.4,₹775,Zoop
Black Magic Analog Blue Dial Men's Watch-NL3089SL01/NP3089SL01  ,"2,795",4.2,"₹2,795",Fastrack
Analog White Dial Men's Watch-HB611251ABR  ,"7,440",4.1,"₹7,440",Mathey-Tissot
Trendies Analog Pink Dial Women's Watch-NL68006PP04/NP68006PP04  ,"2,129",4.2,"₹2,129",Fastrack
Trendies Analog Pink Dial Women's Watch-68015PP03/NP68015PP03  ,"1,550",4.2,"₹1,550",Fastrack
"Apple Watch Series 8 [GPS 41 mm] Smart Watch w/Midnight Aluminium Case with Midnight Sport Band. Fitness Tracker, Blood Oxygen & ECG Apps, Always-On Retina Display, Water Resistant  ","41,900",4.6,"₹41,900",Apple
Large Dial Chronograph Analogue Men’s Luxury Watch (Blue)  ,"2,690",Only 3 left in stock.,"₹2,690",OLEVS
TW000R425  ,"2,328",4.3,"₹2,328",TIMEX
"pTron Force X12S Bluetooth Calling Smartwatch, 1.85"" Full Touch HD Display, Functional Crown, Real Heart Rate Monitor, SpO2, Watch Faces, 5 Days Battery Life, Fitness Trackers & IP68 Waterproof (Pink)  ","1,449",3.3,"₹1,449",pTron
Enticer Analog Blue Dial Men's Watch-MTP-VD01D-2BVUDF (A1363)  ,"2,995",4.4,"₹2,995",Casio
Economy Analog Black Dial Men's Watch-NM3039SL02 / NL3039SL02/NP3039SL02  ,"1,895",4.1,"₹1,895",Fastrack
New Latest Stylish Waterproof Sport Look Silicone Black Strap Watch for Boys and Girls Analog Watch for Men & Women (Black)(ZB-118)  ,349,3.7,₹349,Zabby Allen
Neo Analog Grey Dial Men's Watch-1729SL04 / 1729SL04  ,"1,995",4.1,"₹1,995",Titan
Casual Analog Black Dial Men's Watch-NL3121SM02/NP3121SM02  ,"1,850",4.2,"₹1,850",Fastrack
Multi Function Sports Digital Kids Watch for Boys & Girls  ,169,2.8,₹169,SWADESI STUFF
Super Fibre Digital Grey Dial Men's Watch-NL87012PP03/NP87012PP03  ,585,4.1,₹585,Sonata
Stylish Rainbow Square LED Lights Digital Unisex Watch for Boys and Girls -WCH19 - Black White  ,199,3.1,₹199,Shocknshop
Trendies Analog Grey Dial Men's Watch-NL38045PP02/NP38045PP02  ,"2,295",4.2,"₹2,295",Fastrack
Watch: A Novel  ,939.,4.6,₹939.86,Keith Buckley
Enticer Analog Dial Watch  ,"3,395",4.3,"₹3,395",Casio
Analogue Men's Watch (Pack of 3) (Multicolored Dial Multicolored Colored Strap)  ,355,3.5,₹355,Acnos
Analog Women's Watch Stainless Steel Dial Wrist Watches for Women Stylish Belt Ladies Watch - Water Resistant Watches for Girls  ,599,3.9,₹599,IIK COLLECTION
Analog Black Dial Men's Watch-MTP-V005D-1B5UDF  ,"1,945",4.2,"₹1,945",Casio
Analog Black Dial Men's Watch-MTP-VD01B-1BVUDF  ,"4,195",4.0,"₹4,195",Casio
Analog Black Dial Men's Watch NM7987YL03W/NN7987YL03W  ,649,4.1,₹649,Sonata
Silver Business Casual Stainless Steel Decorative Subdials Luminous Hands Big Black Dial Scratch Resistant Waterproof Watch for Men and Boys  ,849,3.7,₹849,LONGBO
Analog Silver Dial Men's Watch-NL1650YM05  ,"2,619",4.3,"₹2,619",Titan
Analog White Dial Men's Watch-NN7954YM01W/NP7954YM01W  ,"1,499",4.2,"₹1,499",Sonata
Digital Unisex Watch (Black Dial Black Colored Strap)  ,299,3.6,₹299,Unequetrend
Magnetic Charging Cable Compatible with Dizo Watch 2/Watch 2 Sport/Dizo Watch S/Dizo Watch D (Watch 2/Watch D/S)  ,299,5.0,₹299,ZOVC
Enticer Analog Black Dial Men's Watch-MTP-VD01D-1EVUDF (A1362)  ,"2,498",4.4,"₹2,498",Casio
"Fire-Boltt Ninja 3 1.83"" Display Smartwatch Full Touch with 100+ Sports Modes with IP68, Sp02 Tracking, Over 100 Cloud Based Watch Faces  ","1,299",4.2,"₹1,299",Fire-Boltt
Unisex Elegant Plane Style Digital Display Waterproof Outdoor Sports Silicone Strap LED Wrist Watch ( black )  ,390,3.3,₹390,FANMIS
"Vibez by Lifelong Urbane Smartwatch with 3D UI 1.32""HD Display|24x7 Heart Rate & Blood Oxygen Tracking|8 Sports Mode|Sleep Monitor|IP67 Waterproof|7 days Battery Backup(1 Year Manufacturer Warranty, VBSWM360, Black)  ","2,498",3.8,"₹2,498",Vibez
Analog Black Dial (Big dial) Men's Watch-DZ7395  ,"33,995",4.0,"₹33,995",Diesel
"boAt Wave Style Call with Advanced Dedicated Bluetooth Calling Chip, 600+ Watch Faces, 1.69"" HD Display, Health Ecosystem, Live Cricket Scores, Quick Replies, HR & SpO2(Olive Green)  ","1,499",3.9,"₹1,499",boAt
Analog White Dial Men's Watch-HB611251ABR  ,"7,440",4.1,"₹7,440",Mathey-Tissot
"Gen 5E Smartwatch with AMOLED Screen, Wear OS by Google, Built-in Speaker for Phone Calls, Google Assistant, SpO2, GPS, NFC, Wellness Features and Smartphone Notifications  ","14,795",3.9,"₹14,795",Fossil
Trendies Analog Pink Dial Women's Watch-68015PP03/NP68015PP03  ,"1,550",4.2,"₹1,550",Fastrack
Classics Analog Silver Dial Men's Watch-G910  ,"2,341",4.1,"₹2,341",TIMEX
Analog Champagne Dial Men's Watch-TW0TG6401  ,"1,317",4.2,"₹1,317",TIMEX
"Fire-Boltt 360 SpO2 Full Touch Large Display Round Smartwatch with in-Built Games, 8 Days Battery Life, IP67 Water Resistant with Blood Oxygen & Heart Rate Monitoring  ","1,799",4.0,"₹1,799",Fire-Boltt
Small Dial Chronograph Ultralight Analogue Watch for Men (Black Dial)  ,"2,490",3.6,"₹2,490",OLEVS
Analog Black Dial Men's Watch NM7987YL03W/NN7987YL03W  ,649,4.1,₹649,Sonata
Everett Analog Blue Dial Men's Watch-FS5822  ,"8,996",4.5,"₹8,996",Fossil
Karishma Analog Black Dial Men's Watch-NL1636SM01  ,"1,615",4.1,"₹1,615",Titan
Analog Black Dial Men's Watch-3287SL03  ,"3,195",4.0,"₹3,195",Fastrack
Analogue Men's Watch (Pack of 3) (Multicolored Dial Multicolored Colored Strap)  ,355,3.5,₹355,Acnos
9951 Pure Black Chain Day & Date Wrist Watch Original Black Watch Analog Watch - for Men  ,399,3.0,₹399,VILLS LAURRENS
Analog Black Dial Men's Watch-MTP-VD01B-1BVUDF  ,"4,195",4.0,"₹4,195",Casio
"Turet Cotton Candy 4G Smart Watches for Kids Girls & Boys, Live Tracker GPS Watch with Sim Support, Voice & Video Call, SOS, HD Camera, Alarm, Long Battery Life, Waterproof, Kids Smartwatch (Black)  ","5,999",No reviews,"₹5,999",Turet
Multi Function Sports Digital Kids Watch for Boys & Girls  ,169,2.8,₹169,SWADESI STUFF
Yuva Analog Gold Dial Women's Watch-NL8919YL04/NP8919YL04  ,"1,049",4.2,"₹1,049",Sonata
Youth-Digital Black Dial Men's Watch-W-96H-1BVDF (D054)  ,"1,498",4.3,"₹1,498",Casio
Neo Analog Blue Dial Men's Watch-NL1734KM02/NP1734KM02/NQ1734KM02  ,"6,250",4.3,"₹6,250",Titan
Casual Analog Black Dial Men's Watch-NL3116PP03/NP3116PP03  ,"1,050",4.2,"₹1,050",Fastrack
Stylish Rainbow Square LED Lights Digital Unisex Watch for Boys and Girls -WCH19 - Black White  ,199,3.1,₹199,Shocknshop
analog White Dial Men's Watch NM7078YM01/NN7078YM01  ,"1,149",4.3,"₹1,149",Sonata
Analogue Boy's Watch (Blue Dial Blue Colored Strap)  ,119,3.2,₹119,RPS FASHION WITH DEVICE OF R
Analog Black Dial Men's Watch-FS5384  ,"8,697",4.5,"₹8,697",Fossil
Analog Silver Dial Men's Watch-NL1584SL03/NP1584SL03  ,"2,695",4.3,"₹2,695",Titan
Road Trip Analog Black Dial Men's Watch-NN3199NM03/NP3199NM03  ,"2,739",4.4,"₹2,739",Fastrack
"Lowfe Smartwatch W26 Charging Cable, Watch Charger Magnetic 2 pin, Watch Charger, W26+ Charger 4mm Adapter Length 45 cm for Smart Watch(Charge only, Black)  ",199,3.4,₹199,Lowfe
Analog Silver Dial Men's Watch-FS4991  ,"8,795",4.3,"₹8,795",Fossil
Classics Analog White Dial Women's Watch-B300  ,626,4.2,₹626,TIMEX
Silicone Strap Analog Wrist Watch for Men | CR-BK012SLC  ,339,4.0,₹339,CRESTELLO
Fundamentals Analog Blue Dial Men's Watch-NN38051SM03  ,"1,695",4.3,"₹1,695",Fastrack
Silver Business Casual Stainless Steel Decorative Subdials Luminous Hands Big Black Dial Scratch Resistant Waterproof Watch for Men and Boys  ,849,3.7,₹849,LONGBO
Classic Rectangle Case Vintage Design Watches Brown Leather Strap Business Casual Wrist Watch for Men  ,"2,290",4.0,"₹2,290",BENYAR
Analog White Dial Men's Watch-7135SL03/NP7135SL03  ,875,4.2,₹875,Sonata
Analog White Dial Men's Watch-MTP-V002D-7B3UDF  ,"1,795",4.5,"₹1,795",Casio
Analog White Dial Men's Watch-NN7954YM01W/NP7954YM01W  ,"1,499",4.2,"₹1,499",Sonata
Chronograph Analogue Men’s Luxury Watch (Blue Dial)  ,"2,790",5.0,"₹2,790",HORIZEN
Karishma Revive Analog Silver Dial Women's Watch-NL2594BM01  ,"1,955",4.3,"₹1,955",Titan
"Men's Sports Watch, Large Face Waterproof Dual Time Stopwatch Alarm LED Back Light Count Down Wrist Watch  ",,3.7,,SKMEI
Space Analog Black Dial Women's Watch-NN6192NM01/NP6192NM01  ,"1,557",4.3,"₹1,557",Fastrack
Analog Black Dial Men's Watch-TW000U934  ,"3,495",4.2,"₹3,495",TIMEX
Watches: The When Wear How and Why (Guide to Wearing Watches Book 1)  ,0,3.1,₹0,Samuel Johnson
Digital Day and Date Dial Square and Rectangular Display Kids Boy and Girl Watches  ,269,3.1,₹269,GOLDENIZE FASHION
Splash Analog Off-White Dial Women's Watch-8976SL15/NP8976SL15  ,749,4.0,₹749,Sonata
Multicolor Analog Combo Watches for Girls and Women Pack of - 3 (MT391-92-93)  ,521,4.1,₹521,CLOUDWOOD
Classics Analog White Dial Men's Watch-A503  ,"1,279",3.9,"₹1,279",TIMEX
Silicone Strap Analog Wrist Watch for Men | CR-BK012SLC  ,339,4.0,₹339,CRESTELLO
Analogue Women's Watch (Blue Dial Silver Colored Strap)  ,319,4.0,₹319,SWISSTONE
Silver Business Casual Stainless Steel Decorative Subdials Luminous Hands Big Black Dial Scratch Resistant Waterproof Watch for Men and Boys  ,849,3.7,₹849,LONGBO
Classic Rectangle Case Vintage Design Watches Brown Leather Strap Business Casual Wrist Watch for Men  ,"2,290",4.0,"₹2,290",BENYAR
Youth-Digital Grey Dial Men's Watch-AE-1200WH-1AVDF (D097)  ,"2,595",4.5,"₹2,595",Casio
Analog White Dial Men's Watch-MTP-V002D-7B3UDF  ,"1,795",4.5,"₹1,795",Casio
Chronograph Analogue Men’s Luxury Watch (Blue Dial)  ,"2,790",5.0,"₹2,790",HORIZEN
Analog Blue Dial Men's Watch-BQ2311  ,"4,145",4.2,"₹4,145",Fossil
"Men's Sports Watch, Large Face Waterproof Dual Time Stopwatch Alarm LED Back Light Count Down Wrist Watch  ",,3.7,,SKMEI
Space Analog Black Dial Women's Watch-NN6192NM01/NP6192NM01  ,"1,557",4.3,"₹1,557",Fastrack
"Apple Watch Ultra [GPS + Cellular 49 mm] Smart Watch w/Rugged Titanium Case & Orange Alpine Loop Medium. Fitness Tracker, Precision GPS, Action Button, Extra-Long BatteryLife, Brighter Retina Display  ","82,999",4.2,"₹82,999",Apple
Digital Day and Date Dial Square and Rectangular Display Kids Boy and Girl Watches  ,269,3.1,₹269,GOLDENIZE FASHION
Enticer Analog Black Dial Men's Watch-MTP-VD01D-1BVUDF (A1361)  ,"2,995",4.3,"₹2,995",Casio
Multicolor Analog Combo Watches for Girls and Women Pack of - 3 (MT391-92-93)  ,521,4.1,₹521,CLOUDWOOD
Classics Analog White Dial Men's Watch-A503  ,"1,279",3.9,"₹1,279",TIMEX
Analog Gold Dial Women's Watch-NL8064YM01/NN8064YM01/NP8064YM01  ,"1,044",4.2,"₹1,044",Sonata
Classics Analog Beige Dial Women's Watch -B301  ,599,4.2,₹599,TIMEX
Analog Brown Dial Men's Watch-NL1584SL04/NP1584SL04  ,"2,995",4.2,"₹2,995",Titan
